sample_id,source_sample_id,true_label,pred_label,confidence,source_file,processed_28x28,input_32x32
2_2_01_2e3151dd_r04c04__brightness_factor_0p7,2_2_01_2e3151dd_r04c04,2,3,0.9503425019280494,./data/preprocessed/dataset/processed_28x28/2/2_2_01_2e3151dd_r04c04.png,./data/robustness/brightness/factor_0p7/processed_28x28/2/2_2_01_2e3151dd_r04c04__brightness_factor_0p7.png,./data/robustness/brightness/factor_0p7/input_32x32/2/2_2_01_2e3151dd_r04c04__brightness_factor_0p7.png
2_2_02_cbfae05c_r01c04__brightness_factor_0p7,2_2_02_cbfae05c_r01c04,2,1,0.5921256116400313,./data/preprocessed/dataset/processed_28x28/2/2_2_02_cbfae05c_r01c04.png,./data/robustness/brightness/factor_0p7/processed_28x28/2/2_2_02_cbfae05c_r01c04__brightness_factor_0p7.png,./data/robustness/brightness/factor_0p7/input_32x32/2/2_2_02_cbfae05c_r01c04__brightness_factor_0p7.png
3_3_01_3ef7df64_r04c03__brightness_factor_0p7,3_3_01_3ef7df64_r04c03,3,7,0.5101342597899621,./data/preprocessed/dataset/processed_28x28/3/3_3_01_3ef7df64_r04c03.png,./data/robustness/brightness/factor_0p7/processed_28x28/3/3_3_01_3ef7df64_r04c03__brightness_factor_0p7.png,./data/robustness/brightness/factor_0p7/input_32x32/3/3_3_01_3ef7df64_r04c03__brightness_factor_0p7.png
3_3_01_3ef7df64_r04c04__brightness_factor_0p7,3_3_01_3ef7df64_r04c04,3,1,0.8862295523864981,./data/preprocessed/dataset/processed_28x28/3/3_3_01_3ef7df64_r04c04.png,./data/robustness/brightness/factor_0p7/processed_28x28/3/3_3_01_3ef7df64_r04c04__brightness_factor_0p7.png,./data/robustness/brightness/factor_0p7/input_32x32/3/3_3_01_3ef7df64_r04c04__brightness_factor_0p7.png
3_3_02_0ace0337_r04c04__brightness_factor_0p7,3_3_02_0ace0337_r04c04,3,1,0.7188850105692242,./data/preprocessed/dataset/processed_28x28/3/3_3_02_0ace0337_r04c04.png,./data/robustness/brightness/factor_0p7/processed_28x28/3/3_3_02_0ace0337_r04c04__brightness_factor_0p7.png,./data/robustness/brightness/factor_0p7/input_32x32/3/3_3_02_0ace0337_r04c04__brightness_factor_0p7.png
6_6_01_52f5f834_r01c02__brightness_factor_0p7,6_6_01_52f5f834_r01c02,6,5,0.4721313182823529,./data/preprocessed/dataset/processed_28x28/6/6_6_01_52f5f834_r01c02.png,./data/robustness/brightness/factor_0p7/processed_28x28/6/6_6_01_52f5f834_r01c02__brightness_factor_0p7.png,./data/robustness/brightness/factor_0p7/input_32x32/6/6_6_01_52f5f834_r01c02__brightness_factor_0p7.png
9_9_02_2f49434b_r01c03__brightness_factor_0p7,9_9_02_2f49434b_r01c03,9,8,0.5890683889746345,./data/preprocessed/dataset/processed_28x28/9/9_9_02_2f49434b_r01c03.png,./data/robustness/brightness/factor_0p7/processed_28x28/9/9_9_02_2f49434b_r01c03__brightness_factor_0p7.png,./data/robustness/brightness/factor_0p7/input_32x32/9/9_9_02_2f49434b_r01c03__brightness_factor_0p7.png
9_9_02_2f49434b_r02c04__brightness_factor_0p7,9_9_02_2f49434b_r02c04,9,1,0.7265633636694033,./data/preprocessed/dataset/processed_28x28/9/9_9_02_2f49434b_r02c04.png,./data/robustness/brightness/factor_0p7/processed_28x28/9/9_9_02_2f49434b_r02c04__brightness_factor_0p7.png,./data/robustness/brightness/factor_0p7/input_32x32/9/9_9_02_2f49434b_r02c04__brightness_factor_0p7.png
9_9_02_2f49434b_r03c01__brightness_factor_0p7,9_9_02_2f49434b_r03c01,9,4,0.5104941590741553,./data/preprocessed/dataset/processed_28x28/9/9_9_02_2f49434b_r03c01.png,./data/robustness/brightness/factor_0p7/processed_28x28/9/9_9_02_2f49434b_r03c01__brightness_factor_0p7.png,./data/robustness/brightness/factor_0p7/input_32x32/9/9_9_02_2f49434b_r03c01__brightness_factor_0p7.png
